OBJECTID,VegUnite,GeneralizedStateNumber,ecosite1,ecosite2,ecosite3,FID,Shape..,FID_JERVeg,SUM_Shape_,FID_JER_Ec,SUM_Shape1,Shape_Leng,Shape_Area
1,"ARFI2,GUSA2,",5,Deep sand, , ,0,Polygon,1,1299656.061,3,119701060,3024.231736,439863.4068
2,"ARFI2,GUSA2,",6,Sandy,Limy,Salt Flats,1,Polygon,1,1299656.061,11,368111095.6,3963.200951,859792.6558
3,"ARIST,BOER4,PRGL2",2,Sandy,Limy,Salt Flats,2,Polygon,2,73784.5166,11,368111095.6,1202.621687,73784.5166
4,"ARIST,BOER4,SPORO",3,Deep sand,Limy,Salt Flats,3,Polygon,3,32020213.01,3,119701060,16485.98206,2926929.507
5,"ARIST,BOER4,SPORO",2,Sandy,Limy,Salt Flats,4,Polygon,3,32020213.01,11,368111095.6,96059.62156,21907938.19
6,"ARIST,BOER4,SPORO",2,Shallow sandy,Limy,Salt Flats,5,Polygon,3,32020213.01,13,25426676.89,34037.35437,7185345.309
7,"ARIST,BOER4,YUEL",3,Deep sand,Limy,Salt Flats,6,Polygon,4,657493.5963,3,119701060,2287.633102,276857.9242
8,"ARIST,BOER4,YUEL",2,Sandy,Bottomland,Loamy,7,Polygon,4,657493.5963,11,368111095.6,2675.364018,380635.6713
9,"ARIST,GUSA2,BOER4",6,Sandy,Bottomland,Loamy,8,Polygon,5,689245.529,11,368111095.6,3325.111178,689245.529
10,"BOER4,ARIST,",1,Clayey,Bottomland,Loamy,9,Polygon,6,75032717.77,2,13244532.45,1319.186652,98172.45282
11,"BOER4,ARIST,",1,Deep sand,Bottomland,Loamy,10,Polygon,6,75032717.77,3,119701060,25968.91314,5112284.215
12,"BOER4,ARIST,",1,Sandy,Bottomland,Loamy,11,Polygon,6,75032717.77,11,368111095.6,147895.5248,55419608.92
13,"BOER4,ARIST,",1,Shallow sandy,Bottomland,Loamy,12,Polygon,6,75032717.77,13,25426676.89,48983.98191,14300329.42
14,"BOER4,ARIST,DAPU7",1,Sandy,Bottomland,Loamy,13,Polygon,7,1112326.695,11,368111095.6,6252.538909,1112326.695
15,"BOER4,ARIST,GUSA2",1,Clayey,Bottomland,Loamy,14,Polygon,8,499627.7421,2,13244532.45,1527.403218,74884.07609
16,"BOER4,ARIST,GUSA2",1,Sandy,Bottomland,Loamy,15,Polygon,8,499627.7421,11,368111095.6,2990.09226,424743.6666
17,"BOER4,ARIST,MUAR",1,Sandy, , ,16,Polygon,9,7556672.314,11,368111095.6,19117.93167,7556672.314
18,"BOER4,ARIST,PRGL2",1,Clayey,Sandy,Shallow sandy,17,Polygon,10,1188520.863,2,13244532.45,1610.150605,111131.1024
19,"BOER4,ARIST,PRGL2",1,Deep sand,Sandy,Shallow sandy,18,Polygon,10,1188520.863,3,119701060,1162.941834,67856.32138
20,"BOER4,ARIST,PRGL2",1,Sandy,Sandy,Shallow sandy,19,Polygon,10,1188520.863,11,368111095.6,9042.012456,1009533.438
21,"BOER4,ARIST,SPORO",1,Sandy,Sandy,Shallow sandy,20,Polygon,11,2299034.329,11,368111095.6,13858.60396,2299034.329
22,"BOER4,ARIST,YUEL",1,Sandy,Shallow sandy, ,21,Polygon,12,1480520.303,11,368111095.6,13389.68592,1480520.303
23,"BOER4,EPHspp,LATR2",1,Gravelly,Shallow sandy, ,22,Polygon,13,2387981.267,5,53527326.23,10502.43647,1468246.328
24,"BOER4,EPHspp,LATR2",1,Rock land,Shallow sandy, ,23,Polygon,13,2387981.267,9,738872.7837,2759.123621,356266.9459
25,"BOER4,MUAR,SCBR2",1,Sandy,Shallow sandy, ,24,Polygon,15,1493129.891,11,368111095.6,10603.78803,1493129.891
26,"BOER4,PRGL2,YUEL",1,Clayey,Shallow sandy, ,25,Polygon,16,17566071.13,2,13244532.45,1229.790573,73451.54398
27,"BOER4,PRGL2,YUEL",1,Deep sand,Shallow sandy,Deep sand,26,Polygon,16,17566071.13,3,119701060,13746.2995,3602045.061
28,"BOER4,PRGL2,YUEL",1,Sandy,Shallow sandy,Shallow sandy,27,Polygon,16,17566071.13,11,368111095.6,45521.47225,13890574.56
29,"BOER4,SCBR2,FLCE",1,Sandy,Shallow sandy,Shallow sandy,28,Polygon,17,1130730.705,11,368111095.6,4846.040577,1130730.705
30,"BOER4,YUEL,ARIST",1,Sandy,Shallow sandy,Shallow sandy,29,Polygon,18,419809.7268,11,368111095.6,1352.559632,98161.24177
31,"BOER4,YUEL,ARIST",1,Shallow sandy,No ecosite, ,30,Polygon,18,419809.7268,13,25426676.89,2497.229603,321648.4848
32,"BOER4,YUEL,SPORO",1,Sandy,No ecosite, ,31,Polygon,19,213448.7135,11,368111095.6,2117.426358,213448.7135
33,"EPHspp,PLMU3,GUSA2",4,Clayey,No ecosite, ,32,Polygon,20,740846.0034,2,13244532.45,2050.823532,99926.3085
34,"EPHspp,PLMU3,GUSA2",4,Sandy,No ecosite, ,33,Polygon,20,740846.0034,11,368111095.6,4254.390901,640919.695
35,"FLCE,LATR2,ATCA2",6,Sandy,No ecosite, ,34,Polygon,21,189781.284,11,368111095.6,1900.249623,189781.284
36,"FLCE,LATR2,BOER4",4,Bottomland,Shallow sandy, ,35,Polygon,22,25681083.11,1,35299777.56,99991.11077,7669532.904
37,"FLCE,LATR2,BOER4",4,Draw, , ,36,Polygon,22,25681083.11,4,6092080.685,1225.74926,27157.8845
38,"FLCE,LATR2,BOER4",3,Gravelly, , ,37,Polygon,22,25681083.11,5,53527326.23,33854.59643,4774005.152
39,"FLCE,LATR2,BOER4",6,Limestone hills, , ,38,Polygon,22,25681083.11,7,125520706.8,2747.656439,185542.8822
40,"FLCE,LATR2,BOER4",4,Loamy,Loamy, ,39,Polygon,22,25681083.11,8,15362815.09,70796.64467,9383733.258
41,"FLCE,LATR2,BOER4",4,Sandy,Loamy, ,40,Polygon,22,25681083.11,11,368111095.6,10257.23214,3478401.666
42,"FLCE,LATR2,GUSA2",4,Deep sand,Loamy, ,41,Polygon,23,242713.8897,3,119701060,2411.510472,242713.8897
43,"FLCE,LATR2,PRGL2",4, ,Loamy, ,42,Polygon,24,74250594.14,0,3529.60461,391.217013,3336.671042
44,"FLCE,LATR2,PRGL2",4,Bottomland,Loamy, ,43,Polygon,24,74250594.14,1,35299777.56,123229.1837,15073150.88
45,"FLCE,LATR2,PRGL2",6,Deep sand,No ecosite, ,44,Polygon,24,74250594.14,3,119701060,77507.06291,16567526.54
46,"FLCE,LATR2,PRGL2",6,Draw,No ecosite, ,45,Polygon,24,74250594.14,4,6092080.685,6803.341759,205846.2222
47,"FLCE,LATR2,PRGL2",5,Gravelly,Shallow sandy, ,46,Polygon,24,74250594.14,5,53527326.23,25093.15175,1814554.575
48,"FLCE,LATR2,PRGL2",6,Limestone hills,Shallow sandy, ,47,Polygon,24,74250594.14,7,125520706.8,8807.674625,1223702.994
49,"FLCE,LATR2,PRGL2",4,Loamy,Shallow sandy, ,48,Polygon,24,74250594.14,8,15362815.09,52182.27807,4070928.822
50,"FLCE,LATR2,PRGL2",6,Sandy,Shallow sandy, ,49,Polygon,24,74250594.14,11,368111095.6,113855.4093,35291547.44
51,"FLCE,LATR2,SCBR2",3,Deep sand,Shallow sandy, ,50,Polygon,25,1860310.575,3,119701060,6562.564051,769642.5658
52,"FLCE,LATR2,SCBR2",4,Sandy,Shallow sandy, ,51,Polygon,25,1860310.575,11,368111095.6,7238.545458,1090668.009
53,"FLCE,LATR2,SPORO",4,Draw,Shallow sandy, ,52,Polygon,26,27755687.31,4,6092080.685,5526.765664,151870.5168
54,"FLCE,LATR2,SPORO",5,Gravelly,No ecosite, ,53,Polygon,26,27755687.31,5,53527326.23,24112.2192,2347218.889
55,"FLCE,LATR2,SPORO",4,Sandy,No ecosite, ,54,Polygon,26,27755687.31,11,368111095.6,54059.51501,24539993.85
56,"FLCE,PRGL2,SCBR2",4,Bottomland,No ecosite, ,55,Polygon,27,3019747.967,1,35299777.56,663.184068,17560.9365
57,"FLCE,PRGL2,SCBR2",3,Deep sand,No ecosite, ,56,Polygon,27,3019747.967,3,119701060,9769.076766,1222689.373
58,"FLCE,PRGL2,SCBR2",4,Sandy, , ,57,Polygon,27,3019747.967,11,368111095.6,9625.887331,1779497.657
59,"FLCE,SCBR2,BOER4",4,Clayey, , ,58,Polygon,28,13714810.36,2,13244532.45,15484.35312,4117839.357
60,"FLCE,SCBR2,BOER4",3,Gravelly, , ,59,Polygon,28,13714810.36,5,53527326.23,10655.80093,1860068.064
61,"FLCE,SCBR2,BOER4",3,Sandy, , ,60,Polygon,28,13714810.36,11,368111095.6,27713.95014,7721387.554
62,"FLCE,SCBR2,PLMU3",3,Bottomland, , ,61,Polygon,29,1125246.968,1,35299777.56,4580.18485,318217.4187
63,"FLCE,SCBR2,PLMU3",3,Sandy, , ,62,Polygon,29,1125246.968,11,368111095.6,9341.558588,807029.5484
64,"FLCE,SCBR2,SPAI",3,Sandy, , ,63,Polygon,30,368122.4209,11,368111095.6,2387.929542,368122.4209
65,"GUSA2,BOER4,ARIST",4,Sandy, , ,64,Polygon,31,2096500.045,11,368111095.6,13834.66397,2096500.045
66,"GUSA2,BOER4,PRGL2",4,Sandy, , ,65,Polygon,32,4473077.676,11,368111095.6,24862.47881,4440827.829
67,"GUSA2,BOER4,PRGL2",4,Shallow sandy, , ,66,Polygon,32,4473077.676,13,25426676.89,855.52268,32249.84852
68,"GUSA2,PLMU3,ARIST",4,Sandy, , ,67,Polygon,33,465851.4336,11,368111095.6,3788.525296,465851.4336
69,"GUSA2,PLMU3,SCBR2",4,Sandy, , ,68,Polygon,34,2029427.177,11,368111095.6,12968.22098,2022921.257
70,"GUSA2,PLMU3,SCBR2",2,Shallow sandy,Deep sand, ,69,Polygon,34,2029427.177,13,25426676.89,396.174126,6505.920089
71,"GUSA2,PRGL2,",6,Deep sand,Deep sand, ,70,Polygon,35,11579984.25,3,119701060,22663.31387,6738772.888
72,"GUSA2,PRGL2,",6,Sandy,Deep sand, ,71,Polygon,35,11579984.25,11,368111095.6,34725.34664,4841211.367
73,"GUSA2,PRGL2,ARIST",3,Deep sand,Deep sand, ,72,Polygon,36,1334183.744,3,119701060,781.422197,24586.82895
74,"GUSA2,PRGL2,ARIST",4,Sandy,Deep sand, ,73,Polygon,36,1334183.744,11,368111095.6,8729.909955,821311.132
75,"GUSA2,PRGL2,ARIST",4,Shallow sandy,Deep sand, ,74,Polygon,36,1334183.744,13,25426676.89,5426.061113,487078.383
76,"GUSA2,PRGL2,BOER4",3,Deep sand,Deep sand, ,75,Polygon,37,3748435.182,3,119701060,4430.075669,505609.7168
77,"GUSA2,PRGL2,BOER4",6,Limestone hills,Deep sand, ,76,Polygon,37,3748435.182,7,125520706.8,1188.399233,47994.91033
78,"GUSA2,PRGL2,BOER4",4,Sandy,Deep sand, ,77,Polygon,37,3748435.182,11,368111095.6,18171.05621,3194830.554
79,"GUSA2,PRGL2,PSSC6",6,Clayey,Deep sand, ,78,Polygon,38,7463668.02,2,13244532.45,391.739326,6629.310459
80,"GUSA2,PRGL2,PSSC6",6,Deep sand,Deep sand, ,79,Polygon,38,7463668.02,3,119701060,10342.90304,2518102.229
81,"GUSA2,PRGL2,PSSC6",6,Sandy,Deep sand,Shallow sandy,80,Polygon,38,7463668.02,11,368111095.6,22658.43615,4938936.481
82,"GUSA2,PRGL2,SCBR2",4,Sandy,Deep sand,Shallow sandy,81,Polygon,39,519059.7181,11,368111095.6,4635.467071,519059.7181
83,"GUSA2,PRGL2,SPORO",4,Sandy,Deep sand,Shallow sandy,82,Polygon,40,445552.8774,11,368111095.6,3206.750074,445552.8774
84,"GUSA2,YUEL,",6,Sandy,Deep sand,Shallow sandy,83,Polygon,41,1526831.992,11,368111095.6,6288.300067,1526831.992
85,"HIMU,SCBR2,",2,Clayey,Deep sand,Shallow sandy,84,Polygon,42,868768.2826,2,13244532.45,3858.099725,638008.9643
86,"HIMU,SCBR2,",2,Sandy,Deep sand,Shallow sandy,85,Polygon,42,868768.2826,11,368111095.6,2900.561903,229934.6338
87,"HOFF spp.,Bare,",7,Clayey,Loamy,Clayey,86,Polygon,43,596936.4658,2,13244532.45,4200.581447,572573.6392
88,"HOFF spp.,Bare,",7,Sandy,Loamy,Clayey,87,Polygon,43,596936.4658,11,368111095.6,1076.973719,24362.82573
89,"LATR2,DAPU7,",4,Bottomland,Loamy,Clayey,88,Polygon,45,182033.8421,1,35299777.56,2310.162933,182033.8421
90,"LATR2,FLCE,ACBR",4,Deep sand,Loamy,Deep sand,89,Polygon,46,202721.8321,3,119701060,1830.456952,202721.8321
91,"LATR2,FLCE,BOER4",4,Bottomland,Loamy,Deep sand,90,Polygon,47,4864381.891,1,35299777.56,15918.57128,2205341.911
92,"LATR2,FLCE,BOER4",5,Gravelly,Loamy,Deep sand,91,Polygon,47,4864381.891,5,53527326.23,5674.735044,770963.9741
93,"LATR2,FLCE,BOER4",4,Loamy,Loamy,Deep sand,92,Polygon,47,4864381.891,8,15362815.09,4328.772202,140072.5585
94,"LATR2,FLCE,BOER4",4,Sandy,Loamy,Deep sand,93,Polygon,47,4864381.891,11,368111095.6,8815.498353,1748003.45
95,"LATR2,FLCE,DAPU7",6,Sandy,Loamy,Deep sand,94,Polygon,48,245869.6369,11,368111095.6,4375.465985,245869.6369
96,"LATR2,FLCE,GUSA2",6,Bottomland,Loamy,Deep sand,95,Polygon,49,6012665.439,1,35299777.56,10581.61528,1317807.53
97,"LATR2,FLCE,GUSA2",6,Deep sand,Loamy,Deep sand,96,Polygon,49,6012665.439,3,119701060,5275.165337,621875.4876
98,"LATR2,FLCE,GUSA2",5,Gravelly,Loamy,Deep sand,97,Polygon,49,6012665.439,5,53527326.23,7734.499513,3246417.145
99,"LATR2,FLCE,GUSA2",6,Loamy,Loamy,Deep sand,98,Polygon,49,6012665.439,8,15362815.09,10259.21951,697242.7771
100,"LATR2,FLCE,GUSA2",6,Sandy,Loamy,Deep sand,99,Polygon,49,6012665.439,11,368111095.6,1536.1926,129322.5287
101,"LATR2,FLCE,PRGL2",6,Bottomland,Loamy,Deep sand,100,Polygon,50,10935274.86,1,35299777.56,38779.71305,1650961.489
102,"LATR2,FLCE,PRGL2",6,Deep sand,Shallow sandy, ,101,Polygon,50,10935274.86,3,119701060,6541.648452,583091.4532
103,"LATR2,FLCE,PRGL2",6,Draw,Shallow sandy, ,102,Polygon,50,10935274.86,4,6092080.685,3252.169698,105380.2395
104,"LATR2,FLCE,PRGL2",5,Gravelly,Shallow sandy, ,103,Polygon,50,10935274.86,5,53527326.23,17698.39977,2465526.252
105,"LATR2,FLCE,PRGL2",6,Loamy,Shallow sandy, ,104,Polygon,50,10935274.86,8,15362815.09,24465.3221,705486.1233
106,"LATR2,FLCE,PRGL2",6,Sandy,Shallow sandy, ,105,Polygon,50,10935274.86,11,368111095.6,22973.29523,5424829.261
107,"LATR2,FLCE,SCBR2",3,Deep sand,Deep sand, ,106,Polygon,51,1473786.837,3,119701060,12574.13755,656249.9421
108,"LATR2,FLCE,SCBR2",4,Draw,Deep sand, ,107,Polygon,51,1473786.837,4,6092080.685,1758.613623,40185.69051
109,"LATR2,FLCE,SCBR2",5,Gravelly,Sandy, ,108,Polygon,51,1473786.837,5,53527326.23,4423.00216,425903.3016
110,"LATR2,FLCE,SCBR2",6,Limestone hills,Sandy, ,109,Polygon,51,1473786.837,7,125520706.8,5357.729745,351447.8748
111,"LATR2,GUSA2,ARFI2",6,Sandy,Sandy, ,110,Polygon,52,160021.231,11,368111095.6,2244.516463,160021.231
112,"LATR2,PRGL2,BOER4",5,Gravelly,Sandy, ,111,Polygon,53,22972654.81,5,53527326.23,21889.2006,4126858.974
113,"LATR2,PRGL2,BOER4",6,Rock land,NA,NA,112,Polygon,53,22972654.81,9,738872.7837,5531.584746,382605.837
114,"LATR2,PRGL2,BOER4",4,Sandy,NA,NA,113,Polygon,53,22972654.81,11,368111095.6,2182.570997,99245.697
115,"PLMU3,FLCE,LATR2",1,Bottomland,NA,NA,114,Polygon,54,1126642.986,1,35299777.56,7667.576146,480036.0278
116,"PLMU3,FLCE,LATR2",3,Gravelly,NA,NA,115,Polygon,54,1126642.986,5,53527326.23,5004.147051,368936.36
117,"PLMU3,FLCE,LATR2",1,Loamy,NA,NA,116,Polygon,54,1126642.986,8,15362815.09,222.400939,1032.328286
118,"PLMU3,FLCE,LATR2",4,Sandy,NA,NA,117,Polygon,54,1126642.986,11,368111095.6,4192.790407,276638.2674
119,"PLMU3,SCBR2,",1,Clayey,NA,NA,118,Polygon,55,15054596.24,2,13244532.45,25082.90748,4237429.293
120,"PLMU3,SCBR2,",1,Sandy,NA,NA,119,Polygon,55,15054596.24,11,368111095.6,66627.69816,10817166.95
121,"PLMU3,SCBR2,MUAR",1,Clayey,NA,NA,120,Polygon,56,1867215.958,2,13244532.45,771.578478,28638.94169
122,"PLMU3,SCBR2,MUAR",1,Sandy,NA,NA,121,Polygon,56,1867215.958,11,368111095.6,9702.035659,1838577.017
123,"PLMU3,SCBR2,MUAR",1,Sandy,NA,NA,122,Polygon,57,3803893.032,11,368111095.6,18932.92079,3803893.032
124,"PLMU3,SCBR2,PRGL2",1,Sandy,NA,NA,123,Polygon,58,101167.3718,11,368111095.6,1460.649258,101167.3718
125,"PLMU3,SCBR2,SPAI",1,Sandy,NA,NA,124,Polygon,59,1322888.737,11,368111095.6,7856.070251,1322888.737
126,"PRGL2,ARFI2,EPHspp",4,Sandy,NA,NA,125,Polygon,60,257699.7628,11,368111095.6,2079.109133,257699.7628
127,"PRGL2,ARFI2,GUSA2",5,Deep sand,NA,NA,126,Polygon,61,61970315.92,3,119701060,70053.71627,42492458.8
128,"PRGL2,ARFI2,GUSA2",4,Draw,NA,NA,127,Polygon,61,61970315.92,4,6092080.685,14259.76903,797797.2429
129,"PRGL2,ARFI2,GUSA2",6,Limestone hills,NA,NA,128,Polygon,61,61970315.92,7,125520706.8,10814.26752,634140.4658
130,"PRGL2,ARFI2,GUSA2",4,Sandy,NA,NA,129,Polygon,61,61970315.92,11,368111095.6,44908.97625,18045919.43
131,"PRGL2,ARFI2,MUAR",5,Deep sand,NA,NA,130,Polygon,62,1326217.581,3,119701060,5648.269633,1326217.581
132,"PRGL2,ATCA2,ARFI2",5,Deep sand,NA,NA,131,Polygon,63,13313991.6,3,119701060,19525.07191,5113891.881
133,"PRGL2,ATCA2,ARFI2",4,Draw,NA,NA,132,Polygon,63,13313991.6,4,6092080.685,5626.876304,383790.0542
134,"PRGL2,ATCA2,ARFI2",4,Sandy,NA,NA,133,Polygon,63,13313991.6,11,368111095.6,19234.41408,7816309.724
135,"PRGL2,ATCA2,GUSA2",5,Deep sand,NA,NA,134,Polygon,64,20010026.02,3,119701060,24857.22403,4527890.935
136,"PRGL2,ATCA2,GUSA2",4,Draw,NA,NA,135,Polygon,64,20010026.02,4,6092080.685,8600.893695,398621.2764
137,"PRGL2,ATCA2,GUSA2",4,Sandy,NA,NA,136,Polygon,64,20010026.02,11,368111095.6,50103.5717,15083461.35
138,"PRGL2,ATCA2,GUSA2",4,Shallow sandy,NA,NA,137,Polygon,64,20010026.02,13,25426676.89,31.778777,52.492921
139,"PRGL2,ATCA2,YUEL",5,Deep sand,NA,NA,138,Polygon,65,554129.0121,3,119701060,1371.235163,133220.0114
140,"PRGL2,ATCA2,YUEL",4,Sandy,NA,NA,139,Polygon,65,554129.0121,11,368111095.6,4232.765404,420908.9998
141,"PRGL2,BOER4,GUSA2",4,Sandy,NA,NA,140,Polygon,66,5175464.985,11,368111095.6,17906.21078,2944399.518
142,"PRGL2,BOER4,GUSA2",4,Shallow sandy,NA,NA,141,Polygon,66,5175464.985,13,25426676.89,16559.28247,2231065.471
143,"PRGL2,GUSA2,",6,Clayey,NA,NA,142,Polygon,67,7414817.155,2,13244532.45,659.741944,18894.91591
144,"PRGL2,GUSA2,",5,Deep sand,NA,NA,143,Polygon,67,7414817.155,3,119701060,9869.613453,2379561.969
145,"PRGL2,GUSA2,",4,Sandy,NA,NA,144,Polygon,67,7414817.155,11,368111095.6,18127.72431,5016360.27
146,"PRGL2,GUSA2,ARFI2",5,Deep sand,NA,NA,145,Polygon,68,6043387.71,3,119701060,33675.49029,4855417.244
147,"PRGL2,GUSA2,ARFI2",4,Draw,NA,NA,146,Polygon,68,6043387.71,4,6092080.685,7341.967242,238123.3387
148,"PRGL2,GUSA2,ARFI2",6,Gravelly,NA,NA,147,Polygon,68,6043387.71,5,53527326.23,5953.774267,333146.6838
149,"PRGL2,GUSA2,ARFI2",6,Limestone hills,NA,NA,148,Polygon,68,6043387.71,7,125520706.8,9080.064938,616700.3541
150,"PRGL2,GUSA2,ATCA2",5,Deep sand,NA,NA,149,Polygon,69,22791796.19,3,119701060,343.467416,2358.712611
151,"PRGL2,GUSA2,ATCA2",4,Sandy,NA,NA,150,Polygon,69,22791796.19,11,368111095.6,64490.15174,22789437.48
152,"PRGL2,GUSA2,BOER4",4,Bottomland,NA,NA,151,Polygon,70,350266.078,1,35299777.56,674.4819,9931.223246
153,"PRGL2,GUSA2,BOER4",3,Deep sand,NA,NA,152,Polygon,70,350266.078,3,119701060,2596.902641,340334.8559
154,"PRGL2,GUSA2,EPHspp",4,Sandy,NA,NA,153,Polygon,71,1717285.191,11,368111095.6,10818.11553,1717285.191
155,"PRGL2,GUSA2,LATR2",5,Deep sand,NA,NA,154,Polygon,72,4235847.713,3,119701060,13942.07828,2204670.387
156,"PRGL2,GUSA2,LATR2",4,Draw,NA,NA,155,Polygon,72,4235847.713,4,6092080.685,5462.065279,249884.2361
157,"PRGL2,GUSA2,LATR2",6,Gravelly,NA,NA,156,Polygon,72,4235847.713,5,53527326.23,1236.803802,35815.49948
158,"PRGL2,GUSA2,LATR2",6,Limestone hills,NA,NA,157,Polygon,72,4235847.713,7,125520706.8,486.147838,9352.481306
159,"PRGL2,GUSA2,LATR2",4,Sandy,NA,NA,158,Polygon,72,4235847.713,11,368111095.6,6390.475616,1736125.113
160,"PRGL2,GUSA2,MUPO2",5,Deep sand,NA,NA,159,Polygon,73,3129760.598,3,119701060,10177.49897,2311905.581
161,"PRGL2,GUSA2,MUPO2",4,Sandy,NA,NA,160,Polygon,73,3129760.598,11,368111095.6,9420.772846,817855.0178
162,"PRGL2,GUSA2,SPORO",3,Deep sand,NA,NA,161,Polygon,74,463100.7749,3,119701060,4442.745859,463100.7749
163,"PRGL2,LATR2,FLCE",4,Sandy,NA,NA,162,Polygon,75,2027614.539,11,368111095.6,9147.173499,2027159.098
164,"PRGL2,LATR2,FLCE",4,Shallow sandy,NA,NA,163,Polygon,75,2027614.539,13,25426676.89,104.468056,455.440591
165,"PRGL2,LATR2,GUSA2",5,Deep sand,NA,NA,164,Polygon,76,1453631.343,3,119701060,5044.196302,654101.4833
166,"PRGL2,LATR2,GUSA2",4,Draw,NA,NA,165,Polygon,76,1453631.343,4,6092080.685,1907.827847,97356.60456
167,"PRGL2,LATR2,GUSA2",4,Sandy,NA,NA,166,Polygon,76,1453631.343,11,368111095.6,5413.232903,702173.256
168,"PRGL2,SPORO,BOER4",3,Deep sand,NA,NA,167,Polygon,77,453711.9853,3,119701060,4587.222235,421692.5417
169,"PRGL2,SPORO,BOER4",4,Sandy,NA,NA,168,Polygon,77,453711.9853,11,368111095.6,730.303665,32019.44359
170,"PRGL2,ATCA2,YUEL",4,Sandy,NA,NA,169,Polygon,78,57880.57273,11,368111095.6,974.96988,57880.57273
171,"PSSC6,ARFI2,YUEL",6,Sandy,NA,NA,170,Polygon,79,918549.7069,11,368111095.6,4728.987331,918549.7069
172,"PSSC6,YUEL,GUSA2",6,Sandy,NA,NA,171,Polygon,80,3251413.547,11,368111095.6,10915.23708,3251413.547
173,"SCBR2,ARIST,BOER4",2,Clayey,NA,NA,172,Polygon,81,14632952.14,2,13244532.45,3706.563234,244074.812
174,"SCBR2,ARIST,BOER4",2,Sandy,NA,NA,173,Polygon,81,14632952.14,11,368111095.6,64897.65689,14388877.33
175,"SCBR2,BOER4,ARIST",2,Sandy,NA,NA,174,Polygon,82,3233519.159,11,368111095.6,14743.47652,3233519.159
176,"SCBR2,BOER4,FLCE",2,Sandy,NA,NA,175,Polygon,83,247558.2597,11,368111095.6,2117.069349,247558.2597
177,"SCBR2,BOER4,MUAR",2,Clayey,NA,NA,176,Polygon,84,6708007.482,2,13244532.45,8365.788805,1155605.094
178,"SCBR2,BOER4,MUAR",2,Sandy,NA,NA,177,Polygon,84,6708007.482,11,368111095.6,26820.68865,5317282.132
179,"SCBR2,BOER4,SPORO",2,Sandy,NA,NA,178,Polygon,85,453117.5707,11,368111095.6,4000.938042,453117.5707
180,"SCBR2,PLMU3,",2,Bottomland,NA,NA,179,Polygon,86,2722416.704,1,35299777.56,10174.07037,528150.0461
181,"SCBR2,PLMU3,",2,Draw,NA,NA,180,Polygon,86,2722416.704,4,6092080.685,398.113947,9718.454645
182,"SCBR2,PLMU3,",2,Gravelly,NA,NA,181,Polygon,86,2722416.704,5,53527326.23,6304.251177,596780.706
183,"SCBR2,PLMU3,",2,Loamy,NA,NA,182,Polygon,86,2722416.704,8,15362815.09,2862.578976,144162.0729
184,"SCBR2,PLMU3,",2,Sandy,NA,NA,183,Polygon,86,2722416.704,11,368111095.6,10412.303,1443605.417
185,"SCBR2,PLMU3,ARIST",2,Sandy,NA,NA,184,Polygon,87,358596.0958,11,368111095.6,4523.069907,358596.0958
186,"SCBR2,PLMU3,BOER4",2,Clayey,NA,NA,185,Polygon,88,2142123.83,2,13244532.45,5204.402825,633239.1204
187,"SCBR2,PLMU3,BOER4",2,Sandy,NA,NA,186,Polygon,88,2142123.83,11,368111095.6,11417.65279,1508884.708
188,"SCBR2,PLMU3,EPHspp",4,Sandy,NA,NA,187,Polygon,89,4277692.622,11,368111095.6,15572.43487,4277692.622
189,"SCBR2,PLMU3,FLCE",2,Clayey,NA,NA,188,Polygon,90,2414943.254,2,13244532.45,749.084381,22736.37785
190,"SCBR2,PLMU3,FLCE",2,Sandy,NA,NA,189,Polygon,90,2414943.254,11,368111095.6,18375.71814,2392206.877
191,"SCBR2,PLMU3,GUSA2",2,Clayey,NA,NA,190,Polygon,91,694919.1368,2,13244532.45,683.297756,21408.58296
192,"SCBR2,PLMU3,GUSA2",4,Sandy,NA,NA,191,Polygon,91,694919.1368,11,368111095.6,7844.038838,673510.5536
193,"SCBR2,PLMU3,MUAR",2,Clayey,NA,NA,192,Polygon,92,2086186.306,2,13244532.45,4709.509791,518521.4164
194,"SCBR2,PLMU3,MUAR",2,Sandy,NA,NA,193,Polygon,92,2086186.306,11,368111095.6,6822.514016,1447978.088
195,"SCBR2,PLMU3,SPAI",2,Bottomland,NA,NA,194,Polygon,93,3162058.12,1,35299777.56,10711.26124,1055140.74
196,"SCBR2,PLMU3,SPAI",2,Gravelly,NA,NA,195,Polygon,93,3162058.12,5,53527326.23,1919.90662,79668.04711
197,"SCBR2,PLMU3,SPAI",2,Loamy,NA,NA,196,Polygon,93,3162058.12,8,15362815.09,2084.563446,63314.84224
198,"SCBR2,PLMU3,SPAI",2,Sandy,NA,NA,197,Polygon,93,3162058.12,11,368111095.6,17234.64151,1963934.488
199,"SCBR2,SPAI,GUSA2",4,Sandy,NA,NA,198,Polygon,94,1012249.058,11,368111095.6,5105.867568,1012249.058
200,"SCBR2,SPAI,PLMU3",2,Bottomland,NA,NA,199,Polygon,95,1243670.404,1,35299777.56,6345.961964,751287.8572
201,"SCBR2,SPAI,PLMU3",2,Gravelly,NA,NA,200,Polygon,95,1243670.404,5,53527326.23,792.894353,45921.84021
202,"SCBR2,SPAI,PLMU3",2,Loamy,NA,NA,201,Polygon,95,1243670.404,8,15362815.09,1500.860859,84441.99207
203,"SCBR2,SPAI,PLMU3",2,Sandy,NA,NA,202,Polygon,95,1243670.404,11,368111095.6,3140.277592,362018.7164
204,"SCBR2,SPORO,BOER4",2,Sandy,NA,NA,203,Polygon,96,1671713.273,11,368111095.6,8275.456091,1671713.273
205,"SPORssp,FLCE,PLMU3",2,Bottomland,NA,NA,204,Polygon,97,679058.4573,1,35299777.56,3385.133351,336107.5291
206,"SPORssp,FLCE,PLMU3",2,Gravelly,NA,NA,205,Polygon,97,679058.4573,5,53527326.23,4042.946766,305052.2296
207,"SPORssp,FLCE,PLMU3",2,Sandy,NA,NA,206,Polygon,97,679058.4573,11,368111095.6,906.620741,37898.69845
